{"20MHz": {"Location10": {"MCS0": 54.76022204109787, "MCS6": 570.7906570309606, "MCS4": 191.00715589582344, "MCS2": 127.82078799426611, "MCSRA": 311.9915127116018, "MCS5": 445.16723506479536, "MCS1": 91.14497381510964, "MCS7": 383.62047334399915, "MCS3": 160.28334747348154}, "Location8": {"MCS0": 58.23104269027401, "MCS6": 580.1583653328875, "MCS4": 195.69916009137404, "MCS2": 127.15055320381757, "MCSRA": 676.1844825475898, "MCS5": 447.39359596734886, "MCS1": 99.87931058760617, "MCS7": 697.6481814414508, "MCS3": 123.8470413403506}, "Location1": {"MCS0": 33.2, "MCS6": 602.4366453074896, "MCS4": 192.96545932185262, "MCS2": 125.19645123692877, "MCSRA": 711.9670570279416, "MCS5": 261.1157343472967, "MCS1": 91.29328802580082, "MCS7": 697.7140333002786, "MCS3": 158.08880332056202}, "Location16": {"MCS0": 55.83518089156693, "MCS6": 272.3835118325381, "MCS4": 181.633183345079, "MCS2": 123.25497844000253, "MCSRA": 203.37969554497366, "MCS5": 292.33901301113974, "MCS1": 87.36349176161113, "MCS7": 278.14411234202726, "MCS3": 157.15372128949278}, "Location23": {"MCS0": 37.655753783399426, "MCS6": 234.93026884587312, "MCS4": 157.51394269126234, "MCS2": 90.34155514547305, "MCSRA": 364.30086720555516, "MCS5": 300.41785130549545, "MCS1": 55.47504762758369, "MCS7": 106.48488694216314, "MCS3": 115.80825730811557}, "Location5": {"MCS0": 55.462828493941444, "MCSRA": 96.87164965545155, "MCS1": 82.36143495485192, "MCS2": 122.43528046250665}, "Location25": {"MCS0": 30.85134443658277, "MCSRA": 60.328150014369, "MCS1": 38.09050432035815, "MCS2": 38.894567709340514}, "Location20": {"MCS0": 54.120672197956196, "MCS6": 288.45788781243726, "MCS4": 189.31258839595426, "MCS2": 130.26939233020695, "MCSRA": 194.76607581876533, "MCS5": 210.08286021773375, "MCS1": 87.43454431115383, "MCS7": 266.15002980159755, "MCS3": 161.26241088615834}, "Location18": {"MCS0": 54.78155541133685, "MCS6": 215.58706217676772, "MCS4": 176.81334191349788, "MCS2": 113.6585738832161, "MCSRA": 203.7566372494454, "MCS5": 219.2902118893575, "MCS1": 77.9532564598971, "MCS7": 162.92529355620474, "MCS3": 140.19658208059684}, "Location22": {"MCS0": 22.303853323281043, "MCSRA": 53.546608959880245, "MCS1": 39.01398437035785, "MCS2": 51.84895661697004, "MCS3": 65.87143696749179}, "Location2": {"MCS0": 56.717682898305256, "MCS6": 568.665613851769, "MCS4": 199.36075498137757, "MCS2": 128.7206589073482, "MCSRA": 657.8827170154942, "MCS5": 378.43855486579605, "MCS1": 93.79604038536435, "MCS7": 548.3112295590074, "MCS3": 177.29861430130654}, "Location24": {"MCS0": 35.91637350523945, "MCS6": 325.1368871647454, "MCS4": 125.07807741247132, "MCS2": 80.28336242280537, "MCSRA": 549.8456377521587, "MCS5": 231.8427081831996, "MCS1": 60.584324097497266, "MCS7": 399.6588866742933, "MCS3": 125.0466841647818}, "Location13": {"MCS0": 34.21740155210949, "MCS4": 142.53466790923056, "MCS2": 97.18281777692297, "MCSRA": 148.12646591123615, "MCS1": 64.03736226362064, "MCS3": 125.84984395323227}, "Location3": {"MCS0": 55.623247833234394, "MCS6": 455.8842322857466, "MCS4": 193.0488848439868, "MCS2": 123.68808260388612, "MCSRA": 442.5734090035119, "MCS5": 304.48666004432613, "MCS1": 87.63776588087906, "MCS7": 363.0706751863287, "MCS3": 163.24421270616585}, "Location4": {"MCS0": 57.89354759884294, "MCSRA": 143.45002223267295, "MCS1": 86.93483917090259, "MCS2": 129.797196536474, "MCS3": 137.0276056992427}, "Location12": {"MCS0": 23.605946745131497, "MCSRA": 4.06622811406055, "MCS1": 37.08181659429456, "MCS2": 31.154417942603164}, "Location17": {"MCS0": 52.669645868133465, "MCS6": 422.60119120693054, "MCS4": 189.8496595477608, "MCS2": 123.29081973240159, "MCSRA": 413.27974446689893, "MCS5": 295.9300372278303, "MCS1": 85.91846873719471, "MCS7": 231.12645521990925, "MCS3": 157.5472915070677}, "Location9": {"MCS0": 56.200768681075104, "MCS6": 518.4573363018113, "MCS4": 201.82353744704074, "MCS2": 127.8455234894225, "MCSRA": 578.566582474918, "MCS5": 359.3022740030568, "MCS1": 85.97865872575616, "MCS7": 656.8347404505035, "MCS3": 157.2666717243936}, "Location19": {"MCS0": 55.23423866561054, "MCS6": 360.34857830204726, "MCS4": 181.90616840783053, "MCS2": 122.36488061832947, "MCSRA": 528.4542518408805, "MCS5": 291.6408264763553, "MCS1": 77.10670675300081, "MCS7": 558.5644162171965, "MCS3": 165.14635404094136}, "Location15": {"MCS0": 36.3, "MCS6": 164.74722948194898, "MCS4": 188.93502950190208, "MCS2": 120.29440747803926, "MCSRA": 173.76794987725572, "MCS5": 198.91609876739113, "MCS1": 90.07603195982293, "MCS3": 158.29654459474983}, "Location11": {"MCS0": 37.22244426689544, "MCSRA": 62.57193680643553, "MCS1": 64.71865275968815, "MCS2": 29.178548900178576, "MCS3": 77.24197214270815}}, "40MHz": {"Location10": {"MCS0": 76.5752971602962, "MCSRA": 112.60934068447564}, "Location1": {"MCS0": 58.18376762825424, "MCS6": 1272.1649604898212, "MCS4": 808.917499931513, "MCS2": 224.82573371066678, "MCSRA": 1237.477430852688, "MCS5": 968.1079686806175, "MCS1": 165.20695200519657, "MCS7": 1069.8554650327096, "MCS3": 325.77684231568185}, "Location20": {"MCS0": 61.45747161641788, "MCS6": 416.6423756031478, "MCS4": 731.7751597258675, "MCS2": 196.49481191275063, "MCSRA": 927.9306728392473, "MCS5": 958.9391259499432, "MCS1": 164.83147058396705, "MCS7": 270.58613410014664, "MCS3": 531.9796832377729}, "Location23": {"MCS0": 53.65239600138498, "MCSRA": 206.11643108225553, "MCS1": 158.40116766569787, "MCS2": 188.7908214725068, "MCS3": 119.49160429573173}, "Location5": {"MCS0": 53.7842574506552, "MCS4": 158.6078126542133, "MCS2": 230.40994229439275, "MCSRA": 425.6630713122484, "MCS1": 161.5843156751149, "MCS3": 438.59194660559285}, "Location22": {"MCS0": 59.69357323039155, "MCS6": 760.7231245121504, "MCS4": 749.2331388490562, "MCS2": 205.27595210019354, "MCSRA": 866.2673239266153, "MCS5": 967.1144262169004, "MCS1": 158.94889616474174, "MCS3": 579.1325958801683}, "Location2": {"MCS0": 67.53447806498068, "MCS6": 1424.2993106472534, "MCS4": 734.366735438284, "MCS2": 195.91487809433266, "MCSRA": 1024.4082772031404, "MCS5": 985.5817470917991, "MCS1": 163.87781935639254, "MCS7": 1246.1876012788975, "MCS3": 531.4227950661021}, "Location21": {"MCS0": 54.009964471552074, "MCS6": 1334.957332014116, "MCS4": 734.7985598007848, "MCS2": 208.652435752363, "MCSRA": 971.0305693623839, "MCS5": 969.7970391620822, "MCS1": 165.59344362450807, "MCS7": 986.0095710122263, "MCS3": 435.6447834489676}, "Location335": {"MCS0": 57.96837666943577, "MCSRA": 167.50127427874602, "MCS1": 157.36484345409414, "MCS2": 174.57815269936907}, "Location17": {"MCS0": 59.87300841873853, "MCS4": 131.48412672136809, "MCS2": 194.33275090209298, "MCSRA": 199.3496727427568, "MCS1": 157.7221841425681, "MCS3": 259.00609458270276}, "Location14": {"MCS0": 57.28337812793503, "MCS6": 1203.761171203277, "MCS4": 734.8852238544196, "MCS2": 194.77395290496355, "MCSRA": 1000.8821423093492, "MCS5": 962.6136452321795, "MCS1": 163.95724358851356, "MCS7": 1120.4417851899832, "MCS3": 503.2781154348719}, "Location16": {"MCS0": 59.30165179906082, "MCS6": 791.084503180429, "MCS4": 82.57185082102521, "MCS2": 187.62877160594473, "MCSRA": 833.8019545796794, "MCS5": 874.4332863675833, "MCS1": 166.24416497276266, "MCS7": 168.5747311946334, "MCS3": 239.7830601440844}, "Location25": {"MCS0": 55.41796223236372, "MCS4": 286.3553471554745, "MCS2": 216.28282708350875, "MCSRA": 439.642980036179, "MCS1": 155.72828431878582, "MCS3": 396.4862181921708}, "Location26": {"MCS0": 56.928522250586596, "MCS4": 879.1349363903862, "MCS2": 202.5924435788169, "MCSRA": 851.4921044874967, "MCS5": 148.60362114292042, "MCS1": 145.4988851040037, "MCS3": 438.99103650872985}, "Location18": {"MCS0": 55.74772969403373, "MCS6": 1457.9679297826667, "MCS4": 726.0724984002339, "MCS2": 193.74530096993232, "MCSRA": 1032.589497936995, "MCS5": 953.3364338430492, "MCS1": 160.36673531235698, "MCS7": 1153.6662116755263, "MCS3": 450.01385072829555}, "Location13": {"MCS0": 56.09951743603149, "MCS6": 1397.2855748433972, "MCS4": 729.43354635339, "MCS2": 224.00358759593254,