{"20MHz": {"Location22": {"MCS0": 4.426, "MCS3": 6.8740000000000006, "MCS1": 8.708, "MCS2": 11.639999999999999, "MCSRA": 10.761999999999999}, "Location5": {"MCS0": 5.51, "MCS1": 10.720000000000002, "MCS2": 15.020000000000001, "MCSRA": 11.9}, "Location25": {"MCS0": 4.446, "MCS1": 8.564, "MCS2": 10.184000000000001, "MCSRA": 10.494}, "Location17": {"MCS2": 16.740000000000002, "MCSRA": 42.959999999999994, "MCS7": 34.08, "MCS5": 42.82, "MCS0": 5.446, "MCS3": 22.44, "MCS1": 11.220000000000002, "MCS6": 46.42, "MCS4": 33.92}, "Location16": {"MCS2": 16.54, "MCSRA": 36.459999999999994, "MCS7": 33.88, "MCS5": 40.86, "MCS0": 5.518, "MCS3": 22.34, "MCS1": 10.98, "MCS6": 42.779999999999994, "MCS4": 32.6}, "Location12": {"MCS0": 3.1700000000000004, "MCS1": 6.756, "MCS2": 6.85, "MCSRA": 4.318}, "Location18": {"MCS2": 14.959999999999999, "MCSRA": 31.579999999999995, "MCS7": 17.682, "MCS5": 38.56, "MCS0": 4.691999999999999, "MCS3": 19.78, "MCS1": 9.994, "MCS6": 34.760000000000005, "MCS4": 27.640000000000004}, "Location13": {"MCS2": 17.1, "MCSRA": 26.9, "MCS0": 5.62, "MCS3": 22.32, "MCS1": 11.16, "MCS4": 26.419999999999998}, "Location23": {"MCS2": 17.36, "MCSRA": 41.64, "MCS7": 16.896, "MCS5": 44.17999999999999, "MCS0": 5.714, "MCS3": 23.14, "MCS1": 11.059999999999999, "MCS6": 36.5, "MCS4": 34.39999999999999}, "Location4": {"MCS0": 5.624, "MCS3": 18.26, "MCS1": 11.2, "MCS2": 17.080000000000002, "MCSRA": 19.0}, "Location1": {"MCS2": 17.34, "MCSRA": 57.58, "MCS7": 56.98, "MCS5": 46.34, "MCS0": 5.709999999999999, "MCS3": 23.2, "MCS1": 11.200000000000001, "MCS6": 52.019999999999996, "MCS4": 34.760000000000005}, "Location15": {"MCS2": 16.84, "MCSRA": 26.959999999999997, "MCS5": 34.36, "MCS0": 5.647999999999999, "MCS3": 22.740000000000002, "MCS1": 11.26, "MCS6": 24.488, "MCS4": 33.559999999999995}, "Location3": {"MCS2": 17.279999999999998, "MCSRA": 44.78, "MCS7": 39.92, "MCS5": 44.32000000000001, "MCS0": 5.708, "MCS3": 23.0, "MCS1": 11.26, "MCS6": 47.16, "MCS4": 34.14}, "Location20": {"MCS2": 16.5, "MCSRA": 32.6, "MCS7": 37.82, "MCS5": 36.839999999999996, "MCS0": 5.332, "MCS3": 21.74, "MCS1": 10.979999999999999, "MCS6": 41.38, "MCS4": 30.860000000000003}, "Location8": {"MCS2": 17.339999999999996, "MCSRA": 53.56, "MCS7": 54.92, "MCS5": 46.42, "MCS0": 5.714, "MCS3": 23.2, "MCS1": 11.22, "MCS6": 50.839999999999996, "MCS4": 34.8}, "Location10": {"MCS2": 17.360000000000003, "MCSRA": 38.7, "MCS7": 41.72, "MCS5": 45.74, "MCS0": 5.723999999999999, "MCS3": 23.2, "MCS1": 11.1, "MCS6": 49.28000000000001, "MCS4": 34.82000000000001}, "Location2": {"MCS2": 17.32, "MCSRA": 54.46, "MCS7": 52.379999999999995, "MCS5": 46.4, "MCS0": 5.717999999999999, "MCS3": 23.12, "MCS1": 11.239999999999998, "MCS6": 52.11999999999999, "MCS4": 34.86}, "Location24": {"MCS2": 17.3, "MCSRA": 49.92, "MCS7": 39.440000000000005, "MCS5": 42.540000000000006, "MCS0": 5.700000000000001, "MCS3": 23.160000000000004, "MCS1": 11.22, "MCS6": 41.96, "MCS4": 34.24}, "Location9": {"MCS2": 17.259999999999998, "MCSRA": 53.15999999999999, "MCS7": 54.839999999999996, "MCS5": 44.879999999999995, "MCS0": 5.704, "MCS3": 23.14, "MCS1": 10.998000000000001, "MCS6": 50.260000000000005, "MCS4": 34.36}, "Location19": {"MCS2": 15.680000000000001, "MCSRA": 47.239999999999995, "MCS7": 51.239999999999995, "MCS5": 41.18, "MCS0": 5.244, "MCS3": 20.52, "MCS1": 10.38, "MCS6": 43.339999999999996, "MCS4": 29.619999999999997}, "Location11": {"MCS0": 5.286, "MCS3": 11.09, "MCS1": 9.712, "MCS2": 6.572, "MCSRA": 12.68}}, "40MHz": {"Location9": {"MCS0": 4.82, "MCS1": 9.280000000000001, "MCSRA": 7.226000000000001}, "Location14": {"MCS2": 36.8, "MCSRA": 82.28, "MCS7": 98.66, "MCS5": 90.34, "MCS0": 5.798, "MCS3": 49.199999999999996, "MCS1": 24.38, "MCS6": 102.55999999999999, "MCS4": 72.88}, "Location16": {"MCS2": 34.14, "MCSRA": 65.91999999999999, "MCS7": 19.554, "MCS5": 82.8, "MCS0": 5.691999999999999, "MCS3": 35.58, "MCS1": 24.0, "MCS6": 53.44, "MCS4": 8.040000000000001}, "Location335": {"MCS0": 5.724, "MCS1": 21.2, "MCS2": 4.208, "MCSRA": 23.56}, "Location24": {"MCS0": 5.668, "MCS3": 46.620000000000005, "MCS1": 20.32, "MCS2": 35.92, "MCSRA": 47.160000000000004}, "Location15": {"MCS2": 36.5, "MCSRA": 39.4688, "MCS0": 5.786, "MCS3": 48.82, "MCS1": 21.54, "MCS4": 62.6}, "Location3": {"MCS2": 36.480000000000004, "MCSRA": 74.84, "MCS0": 5.781999999999999, "MCS3": 48.8, "MCS1": 22.14, "MCS4": 59.839999999999996}, "Location25": {"MCS2": 34.22, "MCSRA": 45.56, "MCS0": 5.344, "MCS3": 43.92, "MCS1": 21.98, "MCS4": 28.534000000000002}, "Location22": {"MCS2": 36.92, "MCSRA": 80.16, "MCS5": 88.25999999999999, "MCS0": 5.834, "MCS3": 49.42, "MCS1": 22.48, "MCS6": 62.82000000000001, "MCS4": 73.54}, "Location5": {"MCS2": 36.4, "MCSRA": 43.18000000000001, "MCS0": 5.728, "MCS3": 46.279999999999994, "MCS1": 22.04, "MCS4": 12.547999999999998}, "Location17": {"MCS2": 33.9, "MCSRA": 32.88, "MCS0": 5.702, "MCS3": 40.220000000000006, "MCS1": 22.24, "MCS4": 9.690000000000001}, "Location7": {"MCS0": 4.92, "MCS1": 11.048000000000002, "MCSRA": 9.719999999999999}, "Location18": {"MCS2": 36.440000000000005, "MCSRA": 93.46, "MCS7": 119.0, "MCS5": 94.26000000000002, "MCS0": 5.7620000000000005, "MCS3": 48.8, "MCS1": 23.96, "MCS6": 107.2, "MCS4": 73.34}, "Location13": {"MCS2": 36.96, "MCSRA": 88.67999999999999, "MCS7": 114.2, "MCS5": 92.18, "MCS0": 5.802, "MCS3": 49.14, "MCS1": 24.28, "MCS6": 105.8, "MCS4": 73.4}, "Location23": {"MCS0": 5.652, "MCS3": 15.463999999999999, "MCS1": 23.0, "MCS2": 35.06, "MCSRA": 33.5}, "Location1": {"MCS2": 36.5, "MCSRA": 117.8, "MCS7": 115.6, "MCS5": 91.5, "MCS0": 5.836, "MCS3": 48.38000000000001, "MCS1": 24.5, "MCS6": 105.04, "MCS4": 71.52000000000001}, "Location26": {"MCS2": 35.839999999999996, "MCSRA": 60.54, "MCS5": 14.824000000000002, "MCS0": 5.742, "MCS3": 45.4, "MCS1": 21.04, "MCS4": 64.04}, "Location20": {"MCS2": 36.980000000000004, "MCSRA": 83.36, "MCS7": 20.284, "MCS5": 87.17999999999999, "MCS0": 5.843999999999999, "MCS3": 49.46, "MCS1": 23.08, "MCS6": 32.456, "MCS4": 73.72}, "Location10": {"MCS0": 4.3839999999999995, "MCSRA": 6.526000000000001}, "Location2": {"MCS2": 36.92, "MCSRA": 86.72, "MCS7": 117.0, "MCS5": 93.22, "MCS0": 5.792, "MCS3": 49.32000000000001, "MCS1": 24.46, "MCS6": 106.6, "MCS4": 73.86}, "Location6": {"MCS0": 4.674000000000001, "MCS1": 6.984, "MCSRA": 6.036}, "Location21": {"MCS2": 36.54, "MCSRA": 78.24, "MCS7": 90.73999999999998, "MCS5": 90.6, "MCS0": 5.837999999999999, "MCS3": 49.419999999999995, "MCS1": 24.459999999999997, "MCS6": 107.0, "MCS4": 73.46000000000001}}}